-0.12258313,-0.7763598,-9.248216
-0.12258313,-1.0079057,-9.248216
0.095342435,-1.0079057,-9.248216
-0.013620348,-0.95342433,-9.248216
0.040861044,-1.0079057,-9.248216
0.095342435,-1.0623871,-9.193735
0.14982383,-1.1168685,-9.193735
0.25878662,-1.1168685,-9.302697
0.32688835,-1.1168685,-9.466142
0.38136974,-1.0079057,-9.738548
0.32688835,-0.88532263,-9.79303
0.20430522,-0.95342433,-9.684067
0.20430522,-1.0623871,-9.357179
0.20430522,-1.1168685,-9.084772
0.32688835,-1.1713499,-9.139254
0.43585113,-1.1713499,-9.248216
0.54481393,-1.0623871,-9.520623
0.6537767,-1.0079057,-9.684067
0.6537767,-1.0623871,-9.575105
0.7627395,-1.0623871,-9.520623
0.81722087,-1.0623871,-9.575105
0.7627395,-1.0623871,-9.629586
0.81722087,-0.95342433,-9.684067
0.7082581,-0.8308412,-9.684067
0.5992953,-0.8308412,-9.575105
0.5992953,-0.95342433,-9.357179
0.54481393,-1.0623871,-9.302697
0.54481393,-1.1168685,-9.357179
0.5992953,-1.1168685,-9.41166
0.6537767,-1.0079057,-9.575105
0.7082581,-0.88532263,-9.684067
0.6537767,-0.88532263,-9.520623
0.6537767,-0.88532263,-9.41166
0.7082581,-0.95342433,-9.41166
0.7627395,-1.0079057,-9.302697
0.9942854,-1.0623871,-9.302697
1.1577295,-1.2258313,-9.248216
1.3211738,-1.334794,-9.139254
1.4301366,-1.334794,-9.139254
1.607201,-1.1713499,-9.248216
1.8251266,-0.88532263,-9.357179
1.9885708,-0.8308412,-9.357179
2.2745981,-0.88532263,-9.466142
2.3290794,-0.95342433,-9.520623
2.383561,-0.95342433,-9.575105
2.2201166,-1.0079057,-9.629586
2.383561,-0.88532263,-9.466142
2.669588,-1.0079057,-9.41166
2.8330324,-1.1168685,-9.302697
3.2280223,-0.88532263,-9.030291
3.2825038,-0.88532263,-8.921328
3.2825038,-0.95342433,-9.030291
3.1599207,-1.0623871,-9.030291
3.2280223,-1.1713499,-9.139254
3.2280223,-1.2803127,-9.139254
3.2825038,-1.3892754,-8.812365
3.445948,-1.4982382,-8.648921
3.5004294,-1.7297841,-8.648921
3.5549107,-1.7842655,-8.7034025
3.718355,-1.56634,-8.757884
3.8954194,-1.334794,-8.812365
4.004382,-1.0623871,-8.648921
4.276789,-0.95342433,-8.430995
4.508335,-1.253072,-8.539958
4.8352237,-1.4709976,-8.7034025
5.1076303,-1.7570249,-8.894087
5.1621118,-1.8115063,-8.785124
5.3800373,-1.6480621,-8.3765135
5.3800373,-1.6480621,-7.995144
5.434519,-1.525479,-7.6954966
5.611583,-1.6480621,-7.804459
5.611583,-1.525479,-7.8861814
5.7750273,-1.3075534,-7.6137743
5.992953,-1.1985906,-7.327747
6.1700177,-1.1985906,-7.2187843
6.3334618,-1.3075534,-7.3005066
6.5513873,-1.3620348,-7.3413672
6.782933,-1.4165162,-7.273266
7.000859,-1.3620348,-7.000859
7.1098213,-1.3756552,-6.810174
7.164303,-1.484618,-6.7556925
7.2324047,-1.6480621,-6.619489
7.286886,-1.7025435,-6.510526
7.4503303,-1.7161638,-6.374323
7.6137743,-1.7706453,-6.101916
7.763598,-1.7025435,-6.0201936
7.940663,-1.7570249,-5.965712
8.049625,-1.879608,-5.829509
8.158588,-1.9340894,-5.7750273
8.267551,-1.9885708,-5.5571017
8.390134,-1.879608,-5.339176
8.5944395,-1.8115063,-5.09401
8.757884,-1.7025435,-4.767122
8.853226,-1.6616824,-4.5219555
9.084772,-2.2745981,-4.30403
9.139254,-2.4244218,-4.004382
9.357179,-2.4789033,-3.7864566
9.357179,-2.4925237,-3.5412905
9.302697,-1.7706453,-3.050958
9.248216,-1.4709976,-2.6423476
9.084772,-1.4165162,-2.2745981
9.193735,-1.3756552,-1.9749504
9.139254,-1.484618,-1.8659877
9.139254,-1.6616824,-1.6753027
9.193735,-1.7161638,-1.5118586
9.248216,-1.7706453,-1.3620348
9.466142,-1.7706453,-1.1441092
9.697687,-1.607201,-0.89894295
9.752169,-1.5527196,-0.7899802
9.765789,-1.607201,-0.7627395
9.765789,-1.7161638,-0.6537767
9.833891,-1.8251266,-0.51757324
9.888372,-1.7706453,-0.35412905
9.901993,-1.7297841,-0.27240697
9.738548,-1.7842655,-0.21792556
9.561484,-1.5527196,-0.08172209
9.493382,-1.484618,0.08172209
9.39804,-1.4982382,0.27240697
9.507003,-1.3892754,0.4903325
9.561484,-1.6208214,0.626536
9.670447,-1.6753027,0.6810174
9.956474,-1.6208214,0.7082581
10.010956,-1.56634,0.7627395
9.997335,-1.4437568,0.89894295
9.942854,-1.334794,1.0623871
9.847511,-1.334794,1.2122109
9.847511,-1.2803127,1.3211738
9.874752,-1.2803127,1.4982382
9.874752,-1.334794,1.607201
9.833891,-1.2803127,1.6889231
9.779409,-1.2258313,1.7978859
9.711308,-1.2803127,1.879608
9.711308,-1.2803127,1.9340894
10.337844,-1.6344417,2.070293
10.392325,-1.8523673,2.3426998
10.487668,-1.7297841,2.73769
10.433187,-1.3892754,3.0645783
9.493382,-0.84446156,3.2007818
9.112013,-0.7899802,3.3097446
8.648921,-1.0079057,3.3914666
8.430995,-1.4437568,3.5004294
8.553578,-1.6344417,3.7455957
8.553578,-1.4028958,3.9090397
8.4854765,-1.2258313,4.0452433
8.3765135,-1.2258313,4.1542063
8.322033,-1.4028958,4.195067
8.390134,-1.6889231,4.30403
8.3765135,-1.7978859,4.426613
8.308413,-1.6889231,4.5900574
8.22669,-1.6344417,4.7535014
8.172209,-1.6889231,4.9169455
8.144968,-1.7978859,5.0803895
8.036005,-1.7978859,5.1893525
7.84532,-1.6480621,5.298315
7.559293,-1.3620348,5.5162406
7.2596455,-1.0351465,5.7341666
7.137062,-0.980665,5.952092
7.1098213,-0.980665,6.1700177
7.0553403,-0.8580819,6.2789803
7.082581,-0.8036005,6.3879433
7.0280995,-0.6946377,6.4424243
7.000859,-0.7082581,6.496906
7.000859,-0.7082581,6.66035
6.9191365,-0.7082581,6.782933
6.9191365,-0.7082581,6.9463773
7.000859,-0.667397,7.000859
6.9463773,-0.667397,6.9463773
6.9191365,-0.61291564,6.9599977
7.0280995,-0.55843425,7.014479
7.0553403,-0.5720546,7.014479
7.1098213,-0.6810174,7.1234417
7.0280995,-0.7354988,7.1098213
6.7556925,-0.626536,7.0553403
6.5513873,-0.46309182,7.2324047
6.3334618,-0.40861043,7.2324047
6.2244987,-0.51757324,7.3413672
6.2244987,-0.7354988,7.4911914
6.2517395,-0.84446156,7.5320525
6.197258,-0.6810174,7.641015
6.033814,-0.47671217,7.709117
5.9248514,-0.3677494,7.709117
5.7477865,-0.47671217,7.6954966
5.6933055,-0.6946377,7.749978
5.706926,-0.8036005,7.8861814
5.597963,-0.8580819,7.995144
5.4617596,-0.7491191,7.9679036
5.243834,-0.58567494,7.913422
4.9850473,-0.5992953,7.8861814
4.7535014,-0.5992953,7.8861814
4.6853995,-0.54481393,8.022385
4.7943625,-0.43585113,8.294792
4.807983,-0.3405087,8.430995
4.807983,-0.16344418,8.4854765
4.671779,-0.10896278,8.526338
4.508335,-0.27240697,8.526338
4.467474,-0.35412905,8.5944395
4.467474,-0.35412905,8.648921
4.4538536,-0.3405087,8.689782
4.399372,-0.21792556,8.689782
4.2904096,-0.23154591,8.757884
4.1814466,-0.17706452,8.921328
4.0588636,-0.12258313,8.907707
4.004382,-0.06810174,9.01667
4.0180025,0.08172209,9.193735
3.9090397,0.13620348,9.302697
3.5549107,-0.027240695,9.343558
3.336985,-0.29964766,9.125633
3.3914666,-0.6946377,8.962189
3.5004294,-1.0351465,8.744264
3.6638734,-0.980665,8.744264
3.6093922,-0.8580819,8.853226
3.3914666,-0.6946377,8.907707
3.2280223,-0.6401563,8.907707
3.2688835,-0.6946377,8.798744
3.4323275,-0.6946377,8.744264
3.5276701,-0.6946377,8.894087
3.4731886,-0.6946377,9.112013
3.3233647,-0.6946377,9.180115
3.0373375,-0.53119355,9.234595
2.6968288,-0.3677494,9.00305
2.5197644,-0.3677494,8.894087
2.4789033,-0.32688835,9.193735
2.5333846,-0.25878662,9.41166
2.7513103,-0.38136974,9.329938
2.6423476,-0.20430522,9.166494
2.152015,-0.095342435,9.030291
1.5935807,-0.14982383,9.030291
0.6810174,-0.25878662,9.438901
0.17706452,-0.5992953,9.929234
0.027240695,-0.81722087,10.119919
-0.08172209,-0.7627395,10.119919
-0.14982383,-0.54481393,9.983715
-0.32688835,-0.38136974,9.765789
-0.19068487,-0.32688835,9.847511
-0.3677494,-0.4903325,9.847511
-0.19068487,-0.4903325,9.847511
0.13620348,-0.14982383,9.901993
-0.040861044,-0.14982383,9.929234
0.06810174,-0.25878662,9.820271
0.027240695,-0.38136974,9.738548
-0.24516626,-0.4903325,9.684067
-0.43585113,-0.14982383,9.547864
-0.81722087,0.23154591,9.656827
-1.3620348,0.2860273,9.847511
-1.9749504,0.013620348,9.956474
-2.4380422,-0.54481393,9.874752
-2.669588,-0.939804,9.765789
-2.7104492,-1.0079057,9.629586
-2.6559677,-1.0623871,9.575105
-2.669588,-1.0487667,9.438901
-2.7240696,-1.1032481,9.384419
-2.819412,-1.1168685,9.41166
-3.0373375,-1.0623871,9.084772
-3.2825038,-1.0487667,8.894087
-3.3914666,-1.1577295,8.839605
-3.5821514,-1.2666923,8.635301
-3.8136973,-1.2122109,8.635301
-4.1542063,-1.1985906,8.512717
-4.658159,-1.1985906,8.240311
-5.09401,-1.1985906,8.104107
-5.3119354,-1.0896279,7.8861814
-5.325556,-0.7491191,7.8589406
-5.2165933,-0.53119355,7.749978
-4.930566,-0.58567494,7.559293
-5.1484914,-1.4709976,7.4503303
-5.8839903,-2.4789033,7.327747
-6.782933,-2.982856,7.164303
-7.4911914,-3.1463003,6.973618
-7.5456724,-2.315459,7.0280995
-7.0553403,-1.3484144,7.0553403
-6.3879433,-0.7354988,7.273266
-5.9793324,-0.35412905,7.559293
-6.033814,-0.46309182,7.3958488
-6.605869,-0.89894295,6.891896
-7.3413672,-1.4573772,6.510526
-7.8861814,-1.96133,6.26536
-8.21307,-2.2473574,5.8839903
-8.335652,-2.1247742,5.7477865
-8.335652,-1.7978859,5.6933055
-8.322033,-1.4573772,5.611583
-8.322033,-1.2394516,5.611583
-8.22669,-1.0760075,5.5843425
-8.063246,-0.9670447,5.47538
-7.981524,-0.9670447,5.325556
-8.19945,-1.0215261,5.1076303
-8.499097,-1.0079057,4.971427
-8.60806,-0.8308412,4.862464
-8.907707,-1.0623871,4.5628166
-8.853226,-1.0623871,4.508335
-8.771504,-1.1577295,4.1542063
-9.00305,-1.484618,3.718355
-9.043911,-1.3211738,3.5821514
-9.152874,-1.3756552,3.3097446
-9.275456,-1.3756552,3.0645783
-9.329938,-1.5527196,3.0645783
-9.316318,-1.7706453,2.8738933
-9.370799,-1.879608,2.6014864
-9.438901,-1.9749504,2.4244218
-9.561484,-2.0294318,2.2609777
-9.588725,-2.0294318,2.2745981
-9.697687,-1.9749504,2.2201166
-9.820271,-2.0294318,1.9885708
-9.711308,-1.9749504,1.607201
-9.629586,-1.96133,1.293933
-9.575105,-1.96133,1.1304889
-9.697687,-1.8932283,1.0623871
-9.915613,-1.7842655,0.84446156
-9.901993,-1.7842655,0.7491191
-9.847511,-1.8932283,0.58567494
-9.697687,-1.9340894,0.29964766
-9.41166,-1.9885708,0.29964766
-9.41166,-1.9340894,0.24516626
-9.466142,-1.879608,0.29964766
-9.507003,-1.9340894,0.20430522
-9.629586,-1.9885708,-0.013620348
-9.697687,-2.0294318,-0.3677494
-9.80665,-2.0294318,-0.58567494
-9.615966,-1.9749504,-0.12258313
-9.384419,-2.2064962,-0.06810174
-9.193735,-2.6287272,-0.20430522
-8.907707,-3.0237172,-0.9670447
-8.771504,-3.2416427,-2.3018389
-8.60806,-3.3506055,-3.1054392
-8.471856,-3.2825038,-3.7319753
-8.294792,-3.336985,-4.167826
-8.104107,-3.4595683,-4.4129925
-8.049625,-3.4595683,-4.5219555
-8.008764,-3.405087,-4.7126403
-7.954283,-3.2280223,-4.767122
-7.8861814,-3.1599207,-4.9578066
-7.709117,-3.050958,-5.339176
-7.559293,-2.9419951,-5.6933055
-7.3413672,-2.9419951,-5.8567495
-7.1506824,-2.9964764,-5.829509
-7.04172,-2.9419951,-6.101916
-6.891896,-2.8738933,-6.4560447
-6.7284517,-2.7513103,-6.8374147
-6.428804,-2.587866,-6.7556925
-6.1563973,-2.587866,-6.973618
-5.992953,-2.6423476,-7.2187843
-5.829509,-2.587866,-7.327747
-5.597963,-2.5333846,-7.668256
-5.4208984,-2.5333846,-7.559293
-5.1621118,-2.5197644,-7.6954966
-4.8216033,-2.5197644,-7.804459
-4.535576,-2.5742457,-7.995144
-4.2495484,-2.5742457,-8.21307
-4.0452433,-2.5197644,-8.294792
-3.8273177,-2.5742457,-8.512717
-3.6774938,-2.506144,-8.757884
-3.405087,-2.4516625,-8.921328
-3.091819,-2.4516625,-8.894087
-2.8738933,-2.3426998,-8.894087
-2.6287272,-2.3426998,-8.921328
-2.506144,-2.3971813,-9.139254
-2.315459,-2.3971813,-9.329938
-1.920469,-2.3971813,-9.220976
-1.4573772,-2.3290794,-9.084772
-1.1168685,-2.3290794,-8.975809
-1.0896279,-2.4380422,-9.112013
-1.1441092,-2.7104492,-9.329938
-1.1713499,-2.9964764,-9.193735
-1.1713499,-3.1054392,-9.030291
-0.980665,-3.1599207,-9.057531
-0.8036005,-3.214402,-8.839605
-0.667397,-3.3097446,-8.825985
-0.55843425,-3.5412905,-8.989429
-0.46309182,-3.5957718,-9.057531
-0.29964766,-3.6502533,-9.112013
-0.17706452,-3.8136973,-9.193735
-0.013620348,-3.6502533,-9.248216
-0.08172209,-3.759216,-9.220976
-0.13620348,-3.7047346,-9.275456
-0.06810174,-3.6502533,-9.248216
0.095342435,-3.9771416,-9.193735
0.24516626,-4.2086873,-9.166494
0.19068487,-4.5900574,-9.112013
0.25878662,-4.930566,-9.030291
0.25878662,-5.09401,-8.921328
0.53119355,-5.202973,-8.62168
0.8036005,-5.3800373,-8.349273
0.7627395,-5.6933055,-7.995144
0.7082581,-6.0882955,-7.7772183
0.53119355,-6.4151835,-7.913422
0.6401563,-6.701211,-7.8589406
0.7082581,-6.810174,-7.6137743
0.43585113,-6.810174,-7.246025
-0.08172209,-6.4151835,-6.891896
-0.19068487,-6.4151835,-6.510526
-0.12258313,-6.864655,-6.701211
0.14982383,-7.2596455,-6.9191365
0.53119355,-7.981524,-6.67397
0.42223078,-8.253931,-6.510526
0.32688835,-8.022385,-5.8839903
0.25878662,-8.076866,-5.175732
0.3677494,-8.471856,-4.8216033
0.47671217,-9.193735,-4.658159
0.81722087,-9.697687,-4.5219555
1.0487667,-10.079058,-4.630918
1.1577295,-10.079058,-4.7126403
1.2122109,-9.697687,-4.385752
1.1032481,-9.289077,-4.0861044
0.939804,-9.125633,-3.92266
0.7082581,-9.125633,-3.7047346
0.5992953,-9.180115,-3.7047346
0.6401563,-9.343558,-3.6230125
0.6946377,-9.343558,-3.1871614
0.89894295,-9.343558,-2.3018389
0.89894295,-9.234595,-1.6480621
0.81722087,-9.289077,-1.56634
0.88532263,-9.575105,-2.2201166
0.95342433,-9.724928,-2.7785509
1.2803127,-9.561484,-2.7785509
1.5527196,-9.275456,-1.56634
1.4982382,-9.057531,0.013620348
1.4573772,-9.275456,0.25878662
1.56634,-10.283362,0.3677494
1.879608,-10.841797,0.44947147
2.4380422,-10.841797,0.88532263
2.669588,-10.487668,1.9477097
2.6151068,-9.874752,2.4789033
2.3290794,-9.602345,2.192876
2.1656353,-9.479762,2.0294318
2.233737,-9.547864,2.0566726
2.233737,-9.425281,2.3290794
2.2201166,-9.370799,2.7785509
2.2745981,-9.316318,2.8330324
2.3290794,-9.043911,2.8602731
2.3290794,-8.866846,2.969236
2.315459,-9.0983925,2.7785509
2.152015,-9.316318,2.8330324
2.1247742,-9.438901,2.8602731
2.1247742,-9.493382,2.7513103
1.9885708,-9.166494,2.669588
2.1656353,-9.112013,2.4516625
2.2201166,-9.220976,2.4789033
2.3290794,-9.220976,2.4789033
2.383561,-9.615966,2.5606253
2.2745981,-9.724928,2.8330324
2.1656353,-9.724928,2.9964764
1.9885708,-9.833891,3.1054392
2.233737,-9.738548,3.2416427
2.1247742,-9.684067,3.3506055
2.3290794,-9.684067,3.3778462
2.3290794,-9.847511,3.486809
2.070293,-9.79303,3.568531
2.233737,-9.847511,3.6774938
2.1656353,-9.847511,3.8681788
2.2745981,-9.520623,3.92266
2.3290794,-9.057531,4.0588636
2.383561,-8.499097,4.167826
2.2064962,-8.144968,4.195067
2.0430522,-8.322033,4.467474
1.9340894,-8.430995,4.7126403
1.8251266,-8.3765135,4.8760843
1.9749504,-8.430995,5.175732
1.8659877,-7.872561,5.339176
1.607201,-7.5320525,5.4208984
1.3211738,-7.4230895,5.7477865
1.0351465,-7.205164,5.8839903
0.980665,-7.2596455,6.0474343
1.1032481,-7.246025,6.347082
1.1577295,-7.082581,6.4560447
0.980665,-6.7965536,6.537767
0.7491191,-6.5241466,6.6467295
0.54481393,-6.306221,6.891896
0.32688835,-6.197258,7.0553403
0.19068487,-6.033814,7.1915436
-0.08172209,-5.87037,7.4503303
-0.17706452,-5.9793324,7.4230895
-0.013620348,-6.6467295,7.5865335
0.027240695,-7.205164,7.668256
0.313268,-7.368608,7.559293
-0.16344418,-6.9599977,7.9679036
-0.3949901,-5.965712,7.913422
-0.7354988,-5.5162406,7.7772183
-0.84446156,-5.570722,7.7772183
-0.21792556,-5.679685,7.5865335
-0.10896278,-6.074675,7.6954966
0.040861044,-5.965712,7.7772183
-0.013620348,-5.7341666,7.668256
-0.16344418,-5.7205462,7.749978
-0.3405087,-5.5571017,7.6954966
-0.29964766,-5.5162406,7.7227373
-0.23154591,-5.4617596,8.049625
-0.29964766,-5.4617596,8.131348
-0.51757324,-5.7886477,8.131348
-0.92618364,-6.033814,7.995144
-1.3075534,-5.802268,7.7772183
-1.5799603,-5.7477865,7.749978
-1.6889231,-5.366417,7.749978
-1.5935807,-5.271075,7.7227373
-1.484618,-5.597963,7.8861814
-1.293933,-5.5026207,8.076866
-1.1849703,-5.2302136,8.076866
-1.1985906,-5.1621118,8.104107
-1.1985906,-5.1621118,8.158588
-1.0760075,-5.407278,8.076866
-1.1304889,-5.570722,8.022385
-1.1985906,-5.3527966,8.104107
-1.253072,-5.298315,8.21307
-1.4028958,-5.366417,8.567199
-1.1849703,-5.0803895,8.730643
-1.0896279,-4.807983,8.921328
-0.980665,-4.576437,9.030291
-0.7899802,-4.426613,8.512717
-1.1304889,-4.767122,8.076866
-1.484618,-4.930566,7.940663
-1.5390993,-4.8760843,8.430995
-1.7978859,-4.658159,8.512717
-1.7978859,-4.5900574,8.730643
-2.0430522,-4.7262607,8.717023
-2.315459,-4.6172976,8.281172
-2.5197644,-4.440233,8.567199
-2.7513103,-3.9362805,9.00305
-2.587866,-3.3914666,9.152874
-2.4244218,-3.1599207,8.934948
-2.3018389,-3.050958,8.62168
-2.192876,-2.8875136,8.403754
-2.2064962,-2.7240696,8.390134
-2.152015,-2.4516625,8.444615
-1.96133,-1.9477097,8.907707
-1.8523673,-1.6208214,9.071152
-1.5935807,-1.2803127,9.043911
-1.484618,-0.88532263,9.152874
-1.4028958,-0.50395286,9.125633
-1.2394516,-0.0,9.234595
-0.8036005,0.3949901,9.370799
-0.6946377,0.7763598,9.588725
-0.40861043,0.939804,9.833891
-0.29964766,0.939804,9.670447
-0.58567494,1.2122109,9.425281
-0.47671217,1.5527196,9.261836
-0.46309182,1.9885708,9.180115
-0.12258313,2.6014864,9.071152
0.24516626,2.9964764,9.152874
0.53119355,3.2688835,9.261836
0.6946377,3.445948,9.220976
0.53119355,3.7728362,9.166494
0.29964766,4.385752,8.5944395
0.06810174,5.1621118,7.8317
0.027240695,6.006573,7.4230895
0.027240695,6.3334618,7.327747
0.06810174,6.3334618,7.3958488
0.23154591,6.5650077,7.504812
0.3677494,6.66035,7.273266
0.53119355,6.8237944,7.000859
0.53119355,7.1098213,6.701211
0.53119355,7.04172,6.374323
0.53119355,7.04172,6.238119
0.47671217,7.273266,6.074675
0.5992953,7.668256,5.8567495
0.6537767,7.940663,5.802268
0.7763598,8.172209,5.802268
0.88532263,8.390134,5.6933055
0.939804,8.567199,5.529861
1.1032481,8.62168,5.47538
1.1577295,8.730643,5.47538
1.2803127,8.676162,5.3119354
1.334794,8.730643,5.0259085
1.334794,8.948568,4.6445384
1.2803127,9.180115,3.990762
1.1577295,9.343558,3.5549107
1.0487667,9.575105,3.336985
0.939804,9.738548,3.0100968
0.9942854,9.847511,2.7921712
1.0487667,9.956474,2.6832085
1.2258313,9.820271,2.8466527
1.3484144,9.656827,2.9556155
1.3484144,9.425281,2.9556155
1.3484144,9.425281,2.7921712
1.2258313,9.425281,2.3018389
1.1168685,9.479762,1.8659877
1.0079057,9.656827,1.5935807
0.89894295,9.656827,1.3756552
0.84446156,9.479762,1.2122109
0.7899802,9.370799,1.2122109
0.84446156,9.316318,0.9942854
0.84446156,9.261836,0.55843425
0.84446156,9.425281,0.17706452
0.95342433,9.711308,-0.25878662
1.0079057,9.983715,-0.42223078
1.1713499,10.378705,-0.20430522
1.2258313,10.59663,-0.040861044
1.1713499,10.487668,-0.14982383
1.1168685,10.160779,-0.3677494
1.0079057,9.656827,-0.9125633
1.0623871,9.370799,-1.56634
1.1713499,9.2073555,-1.8387469
1.2258313,9.043911,-1.8387469
1.4028958,9.043911,-1.6208214
1.5118586,9.0983925,-1.3484144
1.6753027,9.316318,-1.1304889
1.8523673,9.547864,-1.1849703
1.7842655,9.656827,-1.5118586
1.6208214,9.602345,-1.8387469
1.56634,9.820271,-2.1111538
1.56634,10.160779,-2.3290794
1.5118586,10.2152605,-2.4925237
1.5118586,10.133538,-2.7104492
1.4028958,9.629586,-2.8738933
1.2803127,9.234595,-3.091819
1.4573772,9.343558,-2.9283748
1.56634,9.575105,-2.7104492
1.5118586,9.684067,-2.7649305
1.4028958,9.575105,-2.4380422
1.1168685,9.343558,-2.383561
0.89894295,9.234595,-2.547005
0.61291564,9.01667,-2.4925237
0.3949901,8.894087,-2.6559677
0.3949901,8.785124,-2.8738933
0.3949901,8.730643,-2.7649305
0.55843425,9.125633,-2.7104492
0.7218784,9.452521,-2.8738933
0.667397,9.684067,-2.8738933
0.5992953,9.602345,-2.9283748
0.54481393,9.479762,-3.0373375
0.54481393,9.602345,-2.982856
0.4903325,9.711308,-3.1463003
0.38136974,9.711308,-3.3097446
0.27240697,9.479762,-3.3642259
0.14982383,9.0983925,-3.3097446
0.20430522,8.921328,-3.255263
0.32688835,8.975809,-3.4187074
0.20430522,8.975809,-3.5276701
-0.013620348,9.043911,-3.636633
-0.23154591,8.921328,-3.800077
-0.35412905,8.757884,-3.800077
0.095342435,8.757884,-3.7455957
0.4903325,8.812365,-3.8545585
0.54481393,8.866846,-4.0180025
0.20430522,8.839605,-4.167826
-0.46309182,8.567199,-4.440233
-1.1304889,8.22669,-4.767122
-1.3620348,8.063246,-4.8216033
-1.3075534,8.117727,-4.8760843
-1.1849703,8.335652,-4.930566
-1.0215261,8.458236,-4.8760843
-1.0215261,8.390134,-4.930566
-0.9125633,8.172209,-4.9850473
-0.8036005,7.954283,-5.1484914
-0.626536,7.7772183,-5.3119354
-0.46309182,7.8317,-5.366417
-0.5720546,7.7227373,-5.529861
-0.8580819,7.4503303,-5.7477865
-1.2394516,7.164303,-6.183638
-1.4709976,6.605869,-6.67397
-1.4709976,6.197258,-6.8782754
-1.2394516,6.2517395,-7.1506824
-1.0215261,6.306221,-7.477571
-0.9670447,6.306221,-7.749978
-1.1304889,6.3607025,-8.076866
-1.4709976,5.965712,-8.076866
-1.6344417,5.6933055,-7.804459
-1.7978859,5.5843425,-7.641015
-1.6889231,5.4617596,-7.5320525
-1.6344417,5.5843425,-7.5865335
-1.6344417,5.4617596,-7.641015
-1.6889231,5.243834,-7.5865335
-1.920469,5.0259085,-7.6954966
-1.920469,4.7943625,-7.8589406
-1.920469,4.8488436,-7.913422
-1.8523673,4.8488436,-8.076866
-1.7434045,4.8216033,-8.104107
-1.7434045,4.658159,-8.158588
-1.7434045,4.535576,-8.158588
-1.6889231,4.3176503,-8.104107
-1.6344417,3.8681788,-8.049625
-1.5799603,3.5276701,-8.158588
-1.525479,3.3642259,-8.322033
-1.5799603,3.4187074,-8.648921
-1.525479,3.3642259,-8.812365
-1.525479,3.3097446,-8.866846
-1.4709976,3.091819,-8.921328
-1.3075534,2.8602731,-9.139254
-1.1849703,2.6968288,-9.139254
-1.0760075,2.4108016,-9.302697
-1.0215261,2.192876,-9.466142
-0.980665,1.9068487,-9.302697
-0.81722087,1.8523673,-9.520623
-0.58567494,1.7978859,-9.520623
-0.42223078,1.6753027,-9.41166
-0.42223078,1.56634,-9.41166
-0.58567494,1.4573772,-9.466142
-0.7082581,1.3484144,-9.466142
-0.7627395,1.293933,-9.41166
-0.7627395,1.2394516,-9.41166
-0.7082581,1.1713499,-9.41166
-0.6401563,1.1713499,-9.41166
-0.6401563,1.1168685,-9.520623
-0.58567494,1.0623871,-9.575105
-0.53119355,1.0079057,-9.520623
-0.53119355,0.89894295,-9.41166
-0.53119355,0.7218784,-9.466142
-0.44947147,0.58567494,-9.493382
-0.3949901,0.42223078,-9.547864
-0.3949901,0.29964766,-9.656827
-0.50395286,0.13620348,-9.438901
-0.5992953,-0.027240695,-9.452521
-0.54481393,-0.13620348,-9.507003
-0.42223078,-0.19068487,-9.643207
-0.19068487,-0.08172209,-10.024576
0.013620348,0.08172209,-10.051817
-0.040861044,0.08172209,-9.997335
-0.14982383,-0.027240695,-9.779409
-0.20430522,-0.19068487,-9.507003
-0.19068487,-0.3677494,-9.534244
-0.027240695,-0.3677494,-9.697687
0.17706452,-0.3677494,-9.942854
0.35412905,-0.42223078,-10.106298
0.3677494,-0.53119355,-10.024576
0.19068487,-0.6946377,-9.697687
-0.040861044,-0.8580819,-9.343558
-0.14982383,-0.8036005,-9.234595
-0.14982383,-0.8036005,-9.343558
-0.095342435,-0.8580819,-9.615966
-0.027240695,-0.8580819,-9.970095
-0.027240695,-0.9125633,-9.970095
-0.14982383,-0.9125633,-9.724928
-0.25878662,-0.980665,-9.615966
-0.313268,-1.0896279,-9.425281
-0.3677494,-1.3075534,-9.479762
-0.32688835,-1.4709976,-9.670447
-0.32688835,-1.525479,-9.561484
-0.3677494,-1.5935807,-9.479762
-0.47671217,-1.5935807,-9.425281
-0.5992953,-1.6480621,-9.39804
-0.6537767,-1.7570249,-9.507003
-0.6946377,-1.8659877,-9.643207
-0.6946377,-1.920469,-9.643207
-0.7082581,-1.96133,-9.547864
-0.7627395,-2.0158114,-9.493382
-0.7627395,-2.0158114,-9.438901
-0.7627395,-2.2473574,-9.329938
-0.8580819,-2.465283,-9.41166
-0.8580819,-2.6287272,-9.41166
-0.939804,-2.8057916,-9.275456
-0.8580819,-2.8057916,-9.084772
-0.8036005,-2.8057916,-9.030291
-0.7627395,-2.8057916,-9.112013
-0.7627395,-2.8057916,-9.220976
-0.7491191,-2.73769,-9.357179
-0.7491191,-2.6832085,-9.357179
-0.7491191,-2.6287272,-9.466142
-0.6946377,-2.5742457,-9.466142
-0.6401563,-2.6287272,-9.466142
-0.6946377,-2.73769,-9.466142
-0.6946377,-2.8602731,-9.302697
-0.8036005,-3.0237172,-9.248216
-0.980665,-3.13268,-9.084772
-1.0351465,-3.1871614,-8.975809
-0.980665,-3.0781987,-8.921328
-0.8036005,-2.969236,-8.866846
-0.7218784,-2.8466527,-9.043911
-0.8308412,-2.901134,-9.2073555
-1.0623871,-3.1190596,-9.370799
-1.1713499,-3.2280223,-9.316318
-1.2803127,-3.5140498,-9.316318
-1.1168685,-3.5140498,-9.261836
-0.88532263,-3.568531,-9.125633
-0.81722087,-3.7864566,-9.01667
-0.7627395,-3.7864566,-8.880466
-0.6537767,-3.7319753,-8.717023
-0.6401563,-3.568531,-8.526338
-0.6946377,-3.2825038,-8.853226
-0.7082581,-3.2280223,-9.261836
-0.7627395,-3.2825038,-9.697687
-0.7627395,-3.4595683,-10.024576
-0.7082581,-3.6774938,-9.752169
-0.47671217,-3.6638734,-8.744264
-0.24516626,-3.881799,-8.090487
-0.040861044,-4.167826,-8.008764
0.013620348,-4.4947147,-8.553578
0.13620348,-5.053149,-9.125633
0.13620348,-5.5571017,-8.907707
0.013620348,-5.7205462,-8.825985
0.17706452,-5.7205462,-8.22669
0.13620348,-5.448139,-8.036005
0.08172209,-5.053149,-8.362893
0.06810174,-5.053149,-8.335652
0.06810174,-5.1621118,-8.335652
0.08172209,-5.3936577,-8.253931
0.027240695,-5.448139,-8.144968
0.013620348,-5.3936577,-8.008764
-0.040861044,-5.448139,-7.84532
0.027240695,-5.5026207,-7.763598
0.13620348,-5.7750273,-7.872561
0.23154591,-6.115536,-8.063246
0.35412905,-6.2244987,-8.22669
0.3677494,-6.2789803,-8.308413
0.3677494,-6.2244987,-8.253931
0.29964766,-6.0610547,-8.117727
0.17706452,-6.006573,-8.063246
0.19068487,-5.952092,-8.036005
0.13620348,-6.0610547,-8.144968
0.17706452,-6.101916,-8.172209
0.17706452,-6.2108784,-8.117727
0.12258313,-6.306221,-7.981524
0.06810174,-6.0882955,-7.981524
-0.095342435,-5.9793324,-8.036005
-0.20430522,-5.9248514,-8.036005
-0.20430522,-5.87037,-8.036005
-0.20430522,-5.9248514,-7.763598
-0.095342435,-5.965712,-7.572913
0.06810174,-5.965712,-7.4639506
0.06810174,-6.074675,-7.5456724
0.12258313,-6.238119,-7.709117
0.17706452,-6.238119,-7.84532
0.17706452,-6.1291566,-7.84532
0.24516626,-6.0201936,-7.600154
0.24516626,-6.0201936,-7.4911914
0.17706452,-6.074675,-7.518432
0.12258313,-6.074675,-7.6273947
0.13620348,-6.0201936,-7.763598
0.13620348,-5.965712,-7.8180795
0.13620348,-6.0201936,-7.763598
0.06810174,-6.074675,-7.84532
0.06810174,-6.0201936,-7.84532
0.08172209,-5.965712,-7.8180795
0.13620348,-6.0201936,-7.9270425
0.12258313,-6.033814,-7.995144
0.17706452,-6.033814,-7.7227373
0.06810174,-6.197258,-7.7772183
0.06810174,-5.9793324,-7.7772183
-0.040861044,-5.911231,-7.8589406
-0.14982383,-5.8567495,-8.185829
-0.040861044,-5.679685,-8.131348
-0.095342435,-5.8567495,-7.9679036
0.013620348,-5.911231,-7.641015
0.06810174,-5.965712,-7.641015
0.12258313,-6.142777,-7.668256
0.17706452,-6.4151835,-7.6137743
0.29964766,-6.6331096,-7.5865335
0.46309182,-6.851035,-7.477571
0.5720546,-6.864655,-7.6137743
0.7899802,-6.973618,-8.158588
0.9670447,-7.1915436,-8.785124
0.6810174,-6.7965536,-9.275456
0.46309182,-6.4151835,-8.4854765
0.46309182,-6.306221,-6.428804
-0.095342435,-5.7341666,-6.074675
-0.040861044,-6.0201936,-6.4015636
0.06810174,-6.197258,-7.137062
-0.14982383,-5.7477865,-8.7034025
0.12258313,-5.7886477,-8.512717
0.12258313,-5.6252036,-7.8589406
0.013620348,-5.6933055,-7.995144
-0.095342435,-5.6933055,-8.158588
-0.14982383,-5.679685,-8.131348
-0.095342435,-5.7341666,-8.076866
-0.040861044,-5.7477865,-8.104107
0.013620348,-5.87037,-8.104107
0.013620348,-5.7886477,-8.022385
-0.040861044,-5.7341666,-8.022385
-0.095342435,-5.679685,-8.022385
